{
  "Profiles": [
    {
      "Set Local Environment Vars": 2,
      "Tags": [],
      "Ansi 12 Color": {
        "Red Component": 0.34117650985717773,
        "Color Space": "sRGB",
        "Blue Component": 0.99999994039535522,
        "Alpha Component": 1,
        "Green Component": 0.78039222955703735
      },
      "Ansi 1 Color": {
        "Red Component": 1,
        "Color Space": "sRGB",
        "Blue Component": 0.34117639064788818,
        "Alpha Component": 1,
        "Green Component": 0.36078426241874695
      },
      "Draw Powerline Glyphs": true,
      "Bold Color": {
        "Red Component": 0.97102361917495728,
        "Color Space": "sRGB",
        "Blue Component": 0.97102349996566772,
        "Alpha Component": 1,
        "Green Component": 0.97102349996566772
      },
      "Open Password Manager Automatically": false,
      "Ansi 7 Color": {
        "Red Component": 0.94509810209274292,
        "Color Space": "sRGB",
        "Blue Component": 0.94117647409439087,
        "Alpha Component": 1,
        "Green Component": 0.94509810209274292
      },
      "Ansi 8 Color": {
        "Red Component": 0.40784323215484619,
        "Color Space": "sRGB",
        "Blue Component": 0.40784311294555664,
        "Alpha Component": 1,
        "Green Component": 0.40784311294555664
      },
      "Rows": 25,
      "Default Bookmark": "No",
      "Ansi 9 Color": {
        "Red Component": 1,
        "Color Space": "sRGB",
        "Blue Component": 0.34117639064788818,
        "Alpha Component": 1,
        "Green Component": 0.36078426241874695
      },
      "Blend": 1,
      "Custom Directory": "No",
      "Ansi 4 Color": {
        "Red Component": 0.34117650985717773,
        "Color Space": "sRGB",
        "Blue Component": 0.99999994039535522,
        "Alpha Component": 1,
        "Green Component": 0.78039222955703735
      },
      "Cursor Guide Color": {
        "Red Component": 0.70213186740875244,
        "Color Space": "sRGB",
        "Blue Component": 1,
        "Alpha Component": 0.25,
        "Green Component": 0.9268307089805603
      },
      "Non-ASCII Anti Aliased": true,
      "Use Bright Bold": true,
      "Ansi 10 Color": {
        "Red Component": 0.35294127464294434,
        "Color Space": "sRGB",
        "Blue Component": 0.55686265230178833,
        "Alpha Component": 1,
        "Green Component": 0.96862751245498657
      },
      "Ambiguous Double Width": false,
      "Jobs to Ignore": [
        "rlogin",
        "ssh",
        "slogin",
        "telnet"
      ],
      "Ansi 15 Color": {
        "Red Component": 0.94509810209274292,
        "Color Space": "sRGB",
        "Blue Component": 0.94117647409439087,
        "Alpha Component": 1,
        "Green Component": 0.94509810209274292
      },
      "Foreground Color": {
        "Red Component": 0.93725490570068359,
        "Color Space": "sRGB",
        "Blue Component": 0.92156857252120972,
        "Alpha Component": 1,
        "Green Component": 0.94117647409439087
      },
      "Working Directory": "",
      "Blinking Cursor": false,
      "Disable Window Resizing": true,
      "Sync Title": false,
      "Prompt Before Closing 2": false,
      "BM Growl": true,
      "Mouse Reporting": true,
      "Command": "",
      "Description": "Default",
      "Screen": -1,
      "Selection Color": {
        "Red Component": 0.57319694757461548,
        "Color Space": "sRGB",
        "Blue Component": 0.81719964742660522,
        "Alpha Component": 1,
        "Green Component": 0.73586553335189819
      },
      "Columns": 80,
      "Idle Code": 0,
      "Ansi 13 Color": {
        "Red Component": 1,
        "Color Space": "sRGB",
        "Blue Component": 0.75686269998550415,
        "Alpha Component": 1,
        "Green Component": 0.4156862199306488
      },
      "Custom Command": "Yes",
      "ASCII Anti Aliased": true,
      "Custom Locale": "en_US.UTF-8",
      "Non Ascii Font": "DejaVuSerif 12",
      "Vertical Spacing": 1,
      "Use Bold Font": true,
      "Option Key Sends": 2,
      "Selected Text Color": {
        "Red Component": 0,
        "Color Space": "sRGB",
        "Blue Component": 0,
        "Alpha Component": 1,
        "Green Component": 0
      },
      "Background Color": {
        "Red Component": 0.15686270594596863,
        "Color Space": "sRGB",
        "Blue Component": 0.21176469326019287,
        "Alpha Component": 1,
        "Green Component": 0.16470584273338318
      },
      "Character Encoding": 4,
      "Ansi 11 Color": {
        "Red Component": 0.95294123888015747,
        "Color Space": "sRGB",
        "Blue Component": 0.61568623781204224,
        "Alpha Component": 1,
        "Green Component": 0.97647064924240112
      },
      "Use Italic Font": true,
      "Unlimited Scrollback": false,
      "Keyboard Map": {
        "0xf702-0x280000-0x7b": {
          "Version": 1,
          "Action": 10,
          "Text": "b",
          "Label": ""
        },
        "0xf703-0x280000-0x7c": {
          "Version": 1,
          "Action": 10,
          "Text": "f",
          "Label": ""
        }
      },
      "Window Type": 0,
      "Blur Radius": 10,
      "Semantic History": {
        "editor": "com.microsoft.VSCode",
        "action": "best editor",
        "text": ""
      },
      "Background Image Location": "",
      "Blur": true,
      "Badge Color": {
        "Red Component": 1,
        "Color Space": "sRGB",
        "Blue Component": 0,
        "Alpha Component": 0.5,
        "Green Component": 0.1491314172744751
      },
      "Initial Text": "",
      "Scrollback Lines": 1000,
      "Send Code When Idle": false,
      "Close Sessions On End": true,
      "Terminal Type": "xterm-256color",
      "Visual Bell": true,
      "Flashing Bell": false,
      "Silence Bell": false,
      "Ansi 14 Color": {
        "Red Component": 0.60392171144485474,
        "Color Space": "sRGB",
        "Blue Component": 0.99607843160629272,
        "Alpha Component": 1,
        "Green Component": 0.92941170930862427
      },
      "ASCII Ligatures": false,
      "Name": "Default",
      "Cursor Text Color": {
        "Red Component": 0.15686270594596863,
        "Color Space": "sRGB",
        "Blue Component": 0.21176469326019287,
        "Alpha Component": 1,
        "Green Component": 0.16470584273338318
      },
      "Shortcut": "",
      "Cursor Color": {
        "Red Component": 0.91646724939346313,
        "Color Space": "sRGB",
        "Blue Component": 0.91647690534591675,
        "Alpha Component": 1,
        "Green Component": 0.91648870706558228
      },
      "Transparency": 0.099999999999999992,
      "Guid": "1D6083AE-5A92-42F6-B035-A956E2E0EE57",
      "Horizontal Spacing": 1,
      "Ansi 3 Color": {
        "Red Component": 0.95294123888015747,
        "Color Space": "sRGB",
        "Blue Component": 0.61568623781204224,
        "Alpha Component": 1,
        "Green Component": 0.97647064924240112
      },
      "Ansi 2 Color": {
        "Red Component": 0.35294127464294434,
        "Color Space": "sRGB",
        "Blue Component": 0.55686265230178833,
        "Alpha Component": 1,
        "Green Component": 0.96862751245498657
      },
      "Ansi 5 Color": {
        "Red Component": 1,
        "Color Space": "sRGB",
        "Blue Component": 0.75686269998550415,
        "Alpha Component": 1,
        "Green Component": 0.4156862199306488
      },
      "Use Non-ASCII Font": false,
      "Right Option Key Sends": 0,
      "Normal Font": "HackNF-Regular 14",
      "Ansi 6 Color": {
        "Red Component": 0.60392171144485474,
        "Color Space": "sRGB",
        "Blue Component": 0.99607843160629272,
        "Alpha Component": 1,
        "Green Component": 0.92941170930862427
      },
      "Link Color": {
        "Red Component": 0.29264676570892334,
        "Color Space": "sRGB",
        "Blue Component": 0.85775750875473022,
        "Alpha Component": 1,
        "Green Component": 0.66938728094100952
      },